Type,Name,Request Count,Failure Count,Median Response Time,Average Response Time,Min Response Time,Max Response Time,Average Content Size,Requests/s,Failures/s,50%,66%,75%,80%,90%,95%,98%,99%,99.9%,99.99%,100%
GET,/numericalintegral/0.0/3.14159,3976,0,42,44.99716134440909,37.672458216547966,267.48537505045533,499.011569416499,22.138312552539663,0.0,42,43,43,44,46,54,110,110,150,270,270
,Aggregated,3976,0,42,44.99716134440909,37.672458216547966,267.48537505045533,499.011569416499,22.138312552539663,0.0,42,43,43,44,46,54,110,110,150,270,270
